"Leeftijd referentiepersoon";"Perioden";"Regio's";"Particuliere huishoudens: samenstelling/Totaal particuliere huishoudens (aantal)";"Particuliere huishoudens: samenstelling/Eenpersoonshuishouden (aantal)";"Particuliere huishoudens: samenstelling/Meerpersoonshuishouden/Totaal meerpersoonshuishoudens (aantal)";"Particuliere huishoudens: samenstelling/Meerpersoonshuishouden/Niet-gehuwd paar/Totaal niet-gehuwde paren (aantal)";"Particuliere huishoudens: samenstelling/Meerpersoonshuishouden/Gehuwd paar/Totaal gehuwde paren (aantal)";"Particuliere huishoudens: samenstelling/Meerpersoonshuishouden/Eenouderhuishouden/Totaal eenouderhuishoudens (aantal)";"Particuliere huishoudens: grootte/Meerpersoonshuishouden/2 personen (aantal)";"Particuliere huishoudens: grootte/Meerpersoonshuishouden/3 personen (aantal)";"Particuliere huishoudens: grootte/Meerpersoonshuishouden/4 personen (aantal)";"Particuliere huishoudens: grootte/Meerpersoonshuishouden/5 of meer personen (aantal)"
"Totaal";"2020";"Aa en Hunze";11160;3236;7924;1549;5765;581;4653;1324;1475;472
"Totaal";"2020";"Aalburg";;;;;;;;;;
"Totaal";"2020";"Aalsmeer";13182;3836;9346;1940;6383;974;4374;1911;2313;748
"Totaal";"2020";"Aalten";11513;3465;8048;1579;5786;656;4304;1388;1590;766
"Totaal";"2020";"Ter Aar";;;;;;;;;;
"Totaal";"2020";"Abcoude";;;;;;;;;;
"Totaal";"2020";"Achtkarspelen";11757;3573;8184;1484;5814;838;4157;1476;1729;822
"Totaal";"2020";"Akersloot";;;;;;;;;;
"Totaal";"2020";"Alblasserdam";8236;2502;5734;706;4406;601;2809;1038;1150;737
"Totaal";"2020";"Albrandswaard";10508;2907;7601;1372;5401;803;3537;1724;1811;529
"Totaal";"2020";"Alkemade";;;;;;;;;;
"Totaal";"2020";"Alkmaar";52179;21177;31002;7395;19038;4364;16846;5964;6039;2153
"Totaal";"2020";"Almelo";32714;11963;20751;3939;13923;2727;10677;4074;4275;1725
"Totaal";"2020";"Almere";89319;28774;60545;12382;36769;10863;27062;14787;13268;5428
"Totaal";"2020";"Alphen aan den Rijn";48720;16078;32642;6372;22588;3489;16864;6262;6748;2768
"Totaal";"2020";"Alphen-Chaam";4222;1075;3147;599;2332;208;1714;503;651;279
"Totaal";"2020";"Altena";22357;6066;16291;2192;12790;1242;8024;2980;3300;1987
"Totaal";"2020";"Ambt Delden";;;;;;;;;;
"Totaal";"2020";"Ambt Montfort";;;;;;;;;;
"Totaal";"2020";"Ameland";1732;674;1058;207;753;82;586;188;175;109
"Totaal";"2020";"Amerongen";;;;;;;;;;
"Totaal";"2020";"Amersfoort";69226;25429;43797;9592;28503;5393;21182;8677;9715;4223
"Totaal";"2020";"Amstelveen";43485;18685;24800;4571;16796;3229;11847;5620;5512;1821
"Totaal";"2020";"Amsterdam";475368;258962;216406;73988;97165;40383;122266;43536;33081;17523
"Totaal";"2020";"Andijk";;;;;;;;;;
"Totaal";"2020";"Angerlo";;;;;;;;;;
"Totaal";"2020";"Anna Paulowna";;;;;;;;;;
"Totaal";"2020";"Apeldoorn";73518;26565;46953;8882;32521;5309;25447;8679;9198;3629
"Totaal";"2020";"Appingedam";5528;2094;3434;591;2339;484;2020;654;570;190
"Totaal";"2020";"Arcen en Velden";;;;;;;;;;
"Totaal";"2020";"Arnhem";81399;39296;42103;11735;23113;6675;22906;8326;7843;3028
"Totaal";"2020";"Assen";31371;12100;19271;3846;12724;2610;10565;3527;3693;1486
"Totaal";"2020";"Asten";7159;2303;4856;871;3577;382;2526;828;1014;488
"Totaal";"2020";"Avereest";;;;;;;;;;
"Totaal";"2020";"Axel";;;;;;;;;;
"Totaal";"2020";"Baarle-Nassau";3076;1001;2075;389;1474;197;1184;340;399;152
"Totaal";"2020";"Baarn";11099;4217;6882;1410;4645;790;3700;1256;1381;545
"Totaal";"2020";"Barendrecht";19273;4828;14445;2340;10478;1561;6566;3039;3484;1356
"Totaal";"2020";"Barneveld";22392;6318;16074;1732;13127;1120;7214;2786;3208;2866
"Totaal";"2020";"Bathmen";;;;;;;;;;
"Totaal";"2020";"Bedum";;;;;;;;;;
"Totaal";"2020";"Beek (L.)";7320;2347;4973;858;3589;497;2913;983;842;235
"Totaal";"2020";"Beekdaelen";16181;4882;11299;1940;8197;1103;6611;2174;1977;537
"Totaal";"2020";"Beemster";4041;1075;2966;632;2065;256;1450;563;689;264
"Totaal";"2020";"Beesel";5895;1706;4189;715;3079;373;2292;794;865;238
"Totaal";"2020";"Belfeld";;;;;;;;;;
"Totaal";"2020";"Bellingwedde";;;;;;;;;;
"Totaal";"2020";"Bemmel";;;;;;;;;;
"Totaal";"2020";"Bennebroek";;;;;;;;;;
"Totaal";"2020";"Berg en Dal";15785;5427;10358;2066;7211;1027;5819;1940;1949;650
"Totaal";"2020";"Bergambacht";;;;;;;;;;
"Totaal";"2020";"Bergeijk";7863;2195;5668;1012;4189;437;3032;976;1162;498
"Totaal";"2020";"Bergen (L.)";5650;1590;4060;796;2901;341;2251;737;803;269
"Totaal";"2020";"Bergen (NH.)";13836;5142;8694;1613;6096;943;5091;1492;1531;580
"Totaal";"2020";"Bergen op Zoom";30447;10597;19850;3564;13898;2270;11031;3844;3535;1440
"Totaal";"2020";"Bergh";;;;;;;;;;
"Totaal";"2020";"Bergschenhoek";;;;;;;;;;
"Totaal";"2020";"Berkel en Rodenrijs";;;;;;;;;;
"Totaal";"2020";"Berkelland";18830;5652;13178;2365;9717;1027;7219;2204;2702;1053
"Totaal";"2020";"Bernheze";12646;3396;9250;1770;6679;768;4622;1598;2097;933
"Totaal";"2020";"Bernisse";;;;;;;;;;
"Totaal";"2020";"Best";12839;3779;9060;1666;6413;949;4616;1702;2096;646
"Totaal";"2020";"Beuningen";11209;3259;7950;1604;5558;760;4165;1636;1637;512
"Totaal";"2020";"Beverwijk";19072;7287;11785;2580;7466;1648;5964;2498;2465;858
"Totaal";"2020";"het Bildt";;;;;;;;;;
"Totaal";"2020";"De Bilt";19259;7144;12115;2404;8324;1307;6264;2128;2554;1169
"Totaal";"2020";"Binnenmaas";;;;;;;;;;
"Totaal";"2020";"Bladel";8650;2560;6090;1223;4363;473;3256;965;1328;541
"Totaal";"2020";"Blaricum";4944;1499;3445;642;2466;323;1734;704;706;301
"Totaal";"2020";"Bleiswijk";;;;;;;;;;
"Totaal";"2020";"Bloemendaal";9765;3074;6691;1170;4885;621;3399;1048;1493;751
"Totaal";"2020";"Boarnsterhim";;;;;;;;;;
"Totaal";"2020";"Bodegraven";;;;;;;;;;
"Totaal";"2020";"Bodegraven-Reeuwijk";14359;4112;10247;1718;7592;874;5173;1844;2085;1145
"Totaal";"2020";"Boekel";4170;1062;3108;646;2220;231;1475;527;732;374
"Totaal";"2020";"Ten Boer";;;;;;;;;;
"Totaal";"2020";"Bolsward";;;;;;;;;;
"Totaal";"2020";"Borculo";;;;;;;;;;
"Totaal";"2020";"Borger-Odoorn";11232;3140;8092;1526;5922;609;4778;1353;1456;505
"Totaal";"2020";"Born";;;;;;;;;;
"Totaal";"2020";"Borne";9738;2724;7014;1252;5137;605;3624;1215;1624;551
"Totaal";"2020";"Borsele";9505;2810;6695;1053;5079;536;3549;1219;1213;714
"Totaal";"2020";"Boskoop";;;;;;;;;;
"Totaal";"2020";"Boxmeer";12515;3701;8814;1727;6298;747;4913;1438;1779;684
"Totaal";"2020";"Boxtel";13607;4659;8948;1661;6265;965;4884;1503;1806;755
"Totaal";"2020";"Breda";88351;37657;50694;13378;30485;6304;27290;9579;9942;3883
"Totaal";"2020";"Brederwiede";;;;;;;;;;
"Totaal";"2020";"Breukelen";;;;;;;;;;
"Totaal";"2020";"Brielle";7795;2550;5245;976;3695;553;2931;1045;965;304
"Totaal";"2020";"Broekhuizen";;;;;;;;;;
"Totaal";"2020";"Bronckhorst";15479;4369;11110;2199;8077;760;6232;1842;2183;853
"Totaal";"2020";"Brummen";9036;2652;6384;1102;4710;553;3633;1107;1232;412
"Totaal";"2020";"Brunssum";13580;5237;8343;1526;5642;1129;5010;1704;1277;352
"Totaal";"2020";"Bunnik";6433;1969;4464;882;3209;356;2259;756;1054;395
"Totaal";"2020";"Bunschoten";8370;2159;6211;529;5226;434;2702;1180;1435;894
"Totaal";"2020";"Buren";11053;2834;8219;1495;6021;673;4281;1636;1569;733
"Totaal";"2020";"Bussum";;;;;;;;;;
"Totaal";"2020";"Capelle aan den IJssel";31343;12070;19273;3471;12175;3445;10274;4158;3499;1342
"Totaal";"2020";"Castricum";15778;5199;10579;2103;7486;945;5593;1836;2344;806
"Totaal";"2020";"Coevorden";15501;4904;10597;1870;7678;1008;5950;1813;2057;777
"Totaal";"2020";"Cranendonck";8896;2592;6304;1237;4489;541;3510;1102;1267;425
"Totaal";"2020";"Cromstrijen";;;;;;;;;;
"Totaal";"2020";"Cuijk";11024;3513;7511;1582;5142;748;4068;1341;1517;585
"Totaal";"2020";"Culemborg";12614;4226;8388;1692;5722;925;4250;1626;1749;763
"Totaal";"2020";"Dalfsen";11609;3134;8475;1310;6556;569;4293;1360;1827;995
"Totaal";"2020";"Dantumadeel";;;;;;;;;;
"Totaal";"2020";"Dantumadiel";7782;2292;5490;829;4204;435;2765;1015;1122;588
"Totaal";"2020";"Delft";58852;33625;25227;6787;14449;3555;14640;4720;4267;1600
"Totaal";"2020";"Delfzijl";11591;4364;7227;1214;5039;926;4251;1346;1209;421
"Totaal";"2020";"Denekamp";;;;;;;;;;
"Totaal";"2020";"Deurne";13764;4145;9619;1808;6920;844;5181;1554;1996;888
"Totaal";"2020";"Deventer";46648;18296;28352;6486;18118;3558;15077;5272;5867;2136
"Totaal";"2020";"Didam";;;;;;;;;;
"Totaal";"2020";"Diemen";15640;7456;8184;2174;4590;1294;4307;1783;1555;539
"Totaal";"2020";"Diepenheim";;;;;;;;;;
"Totaal";"2020";"Dinkelland";10361;2704;7657;1300;5809;501;3654;1299;1742;962
"Totaal";"2020";"Dinxperlo";;;;;;;;;;
"Totaal";"2020";"Dirksland";;;;;;;;;;
"Totaal";"2020";"Dodewaard";;;;;;;;;;
"Totaal";"2020";"Doesburg";5223;1878;3345;534;2375;418;1952;627;565;201
"Totaal";"2020";"Doetinchem";25891;9077;16814;3562;11337;1819;9038;3073;3486;1217
"Totaal";"2020";"Dongen";11164;3240;7924;1445;5673;763;4174;1513;1678;559
"Totaal";"2020";"Dongeradeel";;;;;;;;;;
"Totaal";"2020";"Doorn";;;;;;;;;;
"Totaal";"2020";"Dordrecht";55014;21641;33373;6214;22099;4777;17456;6951;6295;2671
"Totaal";"2020";"Drechterland";8201;2286;5915;1120;4257;514;3078;1028;1197;612
"Totaal";"2020";"Driebergen-Rijsenburg";;;;;;;;;;
"Totaal";"2020";"Drimmelen";11633;3272;8361;1590;6075;662;4523;1592;1698;548
"Totaal";"2020";"Dronten";17532;5323;12209;2064;8912;1167;6355;2323;2441;1090
"Totaal";"2020";"Druten";7880;2214;5666;1166;3904;566;2944;1082;1209;431
"Totaal";"2020";"Duiven";10664;2969;7695;1331;5556;783;3963;1527;1682;523
"Totaal";"2020";"Echt";;;;;;;;;;
"Totaal";"2020";"Echteld";;;;;;;;;;
"Totaal";"2020";"Echt-Susteren";14195;4480;9715;1926;6820;925;5633;1946;1692;444
"Totaal";"2020";"Edam-Volendam";14854;4189;10665;1769;7987;869;5142;1842;2739;942
"Totaal";"2020";"Ede";49444;16993;32451;4850;24655;2700;16189;5867;6141;4254
"Totaal";"2020";"Eemnes";3958;1219;2739;545;1875;308;1385;519;603;232
"Totaal";"2020";"Eemsmond";;;;;;;;;;
"Totaal";"2020";"Eersel";8118;2383;5735;1063;4234;418;3116;900;1198;521
"Totaal";"2020";"Egmond";;;;;;;;;;
"Totaal";"2020";"Eibergen";;;;;;;;;;
"Totaal";"2020";"Eijsden";;;;;;;;;;
"Totaal";"2020";"Eijsden-Margraten";11078;2963;8115;1411;6074;587;4522;1568;1575;450
"Totaal";"2020";"Eindhoven";120980;58471;62509;16808;36588;8365;35019;12012;11379;4099
"Totaal";"2020";"Elburg";9128;2471;6657;723;5413;491;3210;1182;1375;890
"Totaal";"2020";"Elst";;;;;;;;;;
"Totaal";"2020";"Emmen";48631;16900;31731;6189;21610;3746;17609;6035;6047;2040
"Totaal";"2020";"Enkhuizen";8622;3248;5374;1017;3648;686;2980;990;1026;378
"Totaal";"2020";"Enschede";79459;36748;42711;10237;26117;5864;23239;8213;8222;3037
"Totaal";"2020";"Epe";14212;4334;9878;1489;7544;802;5403;1671;1924;880
"Totaal";"2020";"Ermelo";11291;3840;7451;968;5814;645;3944;1259;1399;849
"Totaal";"2020";"Etten-Leur";18881;5722;13159;2519;9157;1417;6824;2578;2802;955
"Totaal";"2020";"Ferwerderadiel";;;;;;;;;;
"Totaal";"2020";"Franekeradeel";;;;;;;;;;
"Totaal";"2020";"De Friese Meren";;;;;;;;;;
"Totaal";"2020";"De Fryske Marren";22230;6979;15251;3011;10919;1252;8238;2573;2955;1485
"Totaal";"2020";"Gaasterlân-Sleat";;;;;;;;;;
"Totaal";"2020";"Geertruidenberg";9385;2835;6550;1268;4557;699;3501;1317;1341;391
"Totaal";"2020";"Geldermalsen";;;;;;;;;;
"Totaal";"2020";"Geldrop";;;;;;;;;;
"Totaal";"2020";"Geldrop-Mierlo";17747;5852;11895;2304;8231;1307;6417;2224;2426;828
"Totaal";"2020";"Geleen";;;;;;;;;;
"Totaal";"2020";"Gemert-Bakel";13056;3885;9171;1898;6399;829;4737;1596;2007;831
"Totaal";"2020";"Gendringen";;;;;;;;;;
"Totaal";"2020";"Gendt";;;;;;;;;;
"Totaal";"2020";"Genemuiden";;;;;;;;;;
"Totaal";"2020";"Gennep";7231;2296;4935;975;3481;444;2674;913;1003;345
"Totaal";"2020";"Giessenlanden";;;;;;;;;;
"Totaal";"2020";"Gilze en Rijen";11200;3276;7924;1411;5653;822;4248;1423;1655;598
"Totaal";"2020";"Goedereede";;;;;;;;;;
"Totaal";"2020";"Goeree-Overflakkee";21138;6447;14691;1855;11691;1094;7918;2608;2676;1489
"Totaal";"2020";"Goes";17776;6845;10931;1911;7765;1200;6260;1990;1841;840
"Totaal";"2020";"Goirle";10192;2889;7303;1375;5226;677;3969;1256;1570;508
"Totaal";"2020";"Gooise Meren";25914;9960;15954;3576;10363;1925;7710;2984;3572;1688
"Totaal";"2020";"Goor";;;;;;;;;;
"Totaal";"2020";"Gorinchem";16666;6299;10367;2010;7007;1262;5276;2054;2028;1009
"Totaal";"2020";"Gorssel";;;;;;;;;;
"Totaal";"2020";"Gouda";33475;12976;20499;3975;13904;2440;10905;3875;3682;2037
"Totaal";"2020";"Graafstroom";;;;;;;;;;
"Totaal";"2020";"Graft-De Rijp";;;;;;;;;;
"Totaal";"2020";"Gramsbergen";;;;;;;;;;
"Totaal";"2020";"Grave";5318;1690;3628;726;2534;358;2006;639;729;254
"Totaal";"2020";"'s-Graveland";;;;;;;;;;
"Totaal";"2020";"'s-Gravendeel";;;;;;;;;;
"Totaal";"2020";"'s-Gravenhage (gemeente)";268306;128868;139438;36169;76049;25032;69296;30036;26711;13395
"Totaal";"2020";"'s-Gravenzande";;;;;;;;;;
"Totaal";"2020";"Groenlo";;;;;;;;;;
"Totaal";"2020";"Groesbeek";;;;;;;;;;
"Totaal";"2020";"Groningen (gemeente)";136383;80637;55746;19960;26788;7730;33949;9795;8700;3302
"Totaal";"2020";"Grootegast";;;;;;;;;;
"Totaal";"2020";"Grubbenvorst";;;;;;;;;;
"Totaal";"2020";"Gulpen-Wittem";6546;2098;4448;736;3336;344;2706;830;709;203
"Totaal";"2020";"Haaksbergen";10217;2978;7239;1395;5218;584;3807;1210;1581;641
"Totaal";"2020";"Haaren";5912;1637;4275;816;3131;314;2301;716;869;389
"Totaal";"2020";"Haarlem";78171;34100;44071;12686;24927;6044;22547;8933;9150;3441
"Totaal";"2020";"Haarlemmerliede en Spaarnwoude";;;;;;;;;;
"Totaal";"2020";"Haarlemmermeer";65732;20213;45519;8836;30836;5579;21090;9980;10942;3507
"Totaal";"2020";"Haelen";;;;;;;;;;
"Totaal";"2020";"Halderberge";13103;3773;9330;1556;6805;904;5265;1670;1744;651
"Totaal";"2020";"Den Ham";;;;;;;;;;
"Totaal";"2020";"Hardenberg";24358;6889;17469;2903;13083;1376;8517;2962;3793;2197
"Totaal";"2020";"Harderwijk";20531;6781;13750;2315;9867;1487;6767;2574;2970;1439
"Totaal";"2020";"Hardinxveld-Giessendam";7110;1971;5139;491;4290;327;2396;941;1035;767
"Totaal";"2020";"Haren";;;;;;;;;;
"Totaal";"2020";"Harenkarspel";;;;;;;;;;
"Totaal";"2020";"Harlingen";7484;2960;4524;890;3044;566;2618;804;768;334
"Totaal";"2020";"Harmelen";;;;;;;;;;
"Totaal";"2020";"Hasselt";;;;;;;;;;
"Totaal";"2020";"Hattem";5084;1484;3600;470;2846;266;1851;620;723;406
"Totaal";"2020";"Heel";;;;;;;;;;
"Totaal";"2020";"Heemskerk";17342;5777;11565;2152;7955;1400;6146;2215;2393;811
"Totaal";"2020";"Heemstede";12019;4410;7609;1482;5315;780;3867;1350;1664;728
"Totaal";"2020";"Heerde";7670;2017;5653;699;4548;384;3029;973;1130;521
"Totaal";"2020";"Heerenveen";22895;8261;14634;3139;9768;1645;7903;2620;2955;1156
"Totaal";"2020";"Heerhugowaard";23770;7151;16619;3261;11292;1994;8074;3226;3788;1531
"Totaal";"2020";"Heerjansdam";;;;;;;;;;
"Totaal";"2020";"Heerlen";45247;20830;24417;5086;14960;4174;14914;4963;3389;1151
"Totaal";"2020";"Heeze-Leende";6791;1920;4871;906;3573;367;2671;797;978;425
"Totaal";"2020";"Heiloo";10770;3801;6969;1285;5027;635;3749;1169;1493;558
"Totaal";"2020";"Heino";;;;;;;;;;
"Totaal";"2020";"Helden";;;;;;;;;;
"Totaal";"2020";"Den Helder";27069;11030;16039;2744;10827;2392;9377;3095;2635;932
"Totaal";"2020";"Hellendoorn";14721;4132;10589;1722;7983;838;5374;1816;2367;1032
"Totaal";"2020";"Hellevoetsluis";18035;5812;12223;2071;8563;1544;6660;2594;2222;747
"Totaal";"2020";"Helmond";41077;14226;26851;5719;17475;3494;13654;5406;5623;2168
"Totaal";"2020";"Hendrik-Ido-Ambacht";12197;3049;9148;1334;6958;829;4163;1823;2166;996
"Totaal";"2020";"Hengelo (Gld.)";;;;;;;;;;
"Totaal";"2020";"Hengelo (O.)";38016;14982;23034;4658;15407;2791;12463;4217;4604;1750
"Totaal";"2020";"'s-Hertogenbosch";73408;29457;43951;11292;26964;5308;24062;8230;8536;3123
"Totaal";"2020";"Heteren";;;;;;;;;;
"Totaal";"2020";"Heumen";7145;2212;4933;890;3577;452;2642;906;1003;382
"Totaal";"2020";"Heusden";19095;5594;13501;2617;9659;1164;7058;2507;2920;1016
"Totaal";"2020";"Heythuysen";;;;;;;;;;
"Totaal";"2020";"Hillegom";9904;3386;6518;1385;4394;698;3419;1331;1316;452
"Totaal";"2020";"Hilvarenbeek";6540;1847;4693;863;3488;322;2515;749;1019;410
"Totaal";"2020";"Hilversum";42697;17714;24983;5935;15557;3300;12793;5049;5156;1985
"Totaal";"2020";"Hoeksche Waard";37135;10573;26562;4061;20127;2275;14297;5051;5050;2164
"Totaal";"2020";"Hof van Twente";14937;4537;10400;1880;7655;819;5565;1671;2200;964
"Totaal";"2020";"Het Hogeland";21434;7402;14032;2444;10047;1479;7844;2458;2516;1214
"Totaal";"2020";"Hollands Kroon";21042;6640;14402;2709;10338;1304;7663;2583;2885;1271
"Totaal";"2020";"Holten";;;;;;;;;;
"Totaal";"2020";"Hontenisse";;;;;;;;;;
"Totaal";"2020";"Hoogeveen";24351;8409;15942;2743;11297;1808;8499;2779;3236;1428
"Totaal";"2020";"Hoogezand-Sappemeer";;;;;;;;;;
"Totaal";"2020";"Hoorn";33162;12151;21011;4622;13150;3119;10740;4303;4372;1596
"Totaal";"2020";"Horst";;;;;;;;;;
"Totaal";"2020";"Horst aan de Maas";18092;5408;12684;2579;9095;950;6783;2100;2735;1066
"Totaal";"2020";"Houten";20265;5540;14725;2688;10488;1508;6791;2922;3577;1435
"Totaal";"2020";"Huissen";;;;;;;;;;
"Totaal";"2020";"Huizen";18470;6459;12011;2026;8473;1447;6469;2252;2324;966
"Totaal";"2020";"Hulst";12668;4210;8458;1581;6083;753;5025;1609;1373;451
"Totaal";"2020";"Hummelo en Keppel";;;;;;;;;;
"Totaal";"2020";"Hunsel";;;;;;;;;;
"Totaal";"2020";"IJsselham";;;;;;;;;;
"Totaal";"2020";"IJsselmuiden";;;;;;;;;;
"Totaal";"2020";"IJsselstein";14374;4416;9958;1961;6672;1279;4715;2109;2325;809
"Totaal";"2020";"Jacobswoude";;;;;;;;;;
"Totaal";"2020";"Kaag en Braassem";11671;3414;8257;1655;5840;728;4317;1550;1716;674
"Totaal";"2020";"Kampen";22217;7001;15216;1977;11799;1357;7344;2644;3180;2048
"Totaal";"2020";"Kapelle";5271;1438;3833;526;2996;300;2010;695;751;377
"Totaal";"2020";"Katwijk";26615;8143;18472;2309;14464;1615;8614;3367;4070;2421
"Totaal";"2020";"Kerkrade";22967;9419;13548;2410;9078;1965;8421;2769;1843;515
"Totaal";"2020";"Kessel";;;;;;;;;;
"Totaal";"2020";"Kesteren";;;;;;;;;;
"Totaal";"2020";"Koggenland";9318;2647;6671;1355;4731;565;3326;1124;1499;722
"Totaal";"2020";"Kollumerland en Nieuwkruisland";;;;;;;;;;
"Totaal";"2020";"Korendijk";;;;;;;;;;
"Totaal";"2020";"Krimpen aan den IJssel";12420;3772;8648;1045;6514;1033;4504;1671;1586;887
"Totaal";"2020";"Krimpenerwaard";23726;7307;16419;2444;12530;1362;8529;2976;3146;1768
"Totaal";"2020";"Laarbeek";9492;2675;6817;1315;4923;549;3589;1197;1470;561
"Totaal";"2020";"Landerd";6400;1771;4629;978;3261;361;2349;775;1021;484
"Totaal";"2020";"Landgraaf";17697;6213;11484;2038;7984;1404;6892;2398;1719;475
"Totaal";"2020";"Landsmeer";4855;1385;3470;697;2329;430;1690;763;787;230
"Totaal";"2020";"Langedijk";11727;3233;8494;1698;5897;867;4349;1531;1882;732
"Totaal";"2020";"Lansingerland";23841;5412;18429;3383;13002;1976;7784;3973;4913;1759
"Totaal";"2020";"Laren (NH.)";4996;1842;3154;577;2200;363;1724;526;623;281
"Totaal";"2020";"Leek";;;;;;;;;;
"Totaal";"2020";"Leerdam";;;;;;;;;;
"Totaal";"2020";"Leersum";;;;;;;;;;
"Totaal";"2020";"Leeuwarden";63338;29791;33547;8894;19587;4712;19315;6078;5897;2257
"Totaal";"2020";"Leeuwarderadeel";;;;;;;;;;
"Totaal";"2020";"Leiden";68699;37323;31376;9411;17682;3772;17876;5913;5457;2130
"Totaal";"2020";"Leiderdorp";12124;4213;7911;1494;5555;819;4112;1500;1734;565
"Totaal";"2020";"Leidschendam";;;;;;;;;;
"Totaal";"2020";"Leidschendam-Voorburg";36723;15131;21592;4437;13937;3063;11753;4279;4107;1453
"Totaal";"2020";"Lelystad";34338;11788;22550;4709;14056;3609;11255;4827;4336;2132
"Totaal";"2020";"Lemsterland";;;;;;;;;;
"Totaal";"2020";"Leudal";15765;4848;10917;2106;7908;843;6167;1931;2161;658
"Totaal";"2020";"Leusden";13040;3967;9073;1511;6674;851;4776;1609;1972;716
"Totaal";"2020";"Lichtenvoorde";;;;;;;;;;
"Totaal";"2020";"Liemeer";;;;;;;;;;
"Totaal";"2020";"De Lier";;;;;;;;;;
"Totaal";"2020";"Liesveld";;;;;;;;;;
"Totaal";"2020";"Limmen";;;;;;;;;;
"Totaal";"2020";"Lingewaal";;;;;;;;;;
"Totaal";"2020";"Lingewaard";19606;5367;14239;2769;10093;1328;7469;2587;3204;979
"Totaal";"2020";"Lisse";10227;3398;6829;1265;4832;707;3657;1272;1376;524
"Totaal";"2020";"Lith";;;;;;;;;;
"Totaal";"2020";"Littenseradiel";;;;;;;;;;
"Totaal";"2020";"Lochem";14787;4536;10251;1851;7623;735;5927;1648;1911;765
"Totaal";"2020";"Loenen";;;;;;;;;;
"Totaal";"2020";"Loon op Zand";10127;2998;7129;1442;5016;639;3830;1348;1463;488
"Totaal";"2020";"Loosdrecht";;;;;;;;;;
"Totaal";"2020";"Lopik";5647;1488;4159;743;3050;345;1912;751;974;522
"Totaal";"2020";"Loppersum";4297;1410;2887;561;2048;258;1683;471;488;245
"Totaal";"2020";"Losser";9392;2598;6794;1108;5041;608;3586;1200;1451;557
"Totaal";"2020";"Maarn";;;;;;;;;;
"Totaal";"2020";"Maarssen";;;;;;;;;;
"Totaal";"2020";"Maartensdijk";;;;;;;;;;
"Totaal";"2020";"Maasbracht";;;;;;;;;;
"Totaal";"2020";"Maasbree";;;;;;;;;;
"Totaal";"2020";"Maasdonk";;;;;;;;;;
"Totaal";"2020";"Maasdriel";10591;3206;7385;1513;5182;641;3724;1388;1613;660
"Totaal";"2020";"Maasgouw";10648;3304;7344;1499;5224;580;4368;1298;1339;339
"Totaal";"2020";"Maasland";;;;;;;;;;
"Totaal";"2020";"Maassluis";14982;5158;9824;1615;6951;1183;5320;1918;1845;741
"Totaal";"2020";"Maastricht";68903;37863;31040;7684;19071;3938;19485;5854;4288;1413
"Totaal";"2020";"Margraten";;;;;;;;;;
"Totaal";"2020";"Markelo";;;;;;;;;;
"Totaal";"2020";"De Marne";;;;;;;;;;
"Totaal";"2020";"Marum";;;;;;;;;;
"Totaal";"2020";"Medemblik";19044;5840;13204;2618;9301;1222;6802;2345;2759;1298
"Totaal";"2020";"Meerlo-Wanssum";;;;;;;;;;
"Totaal";"2020";"Meerssen";8493;2607;5886;1056;4252;546;3430;1109;1078;269
"Totaal";"2020";"Meierijstad";34619;10430;24189;4868;16958;2246;12664;4314;5065;2146
"Totaal";"2020";"Meijel";;;;;;;;;;
"Totaal";"2020";"Menaldumadeel";;;;;;;;;;
"Totaal";"2020";"Menameradiel";;;;;;;;;;
"Totaal";"2020";"Menterwolde";;;;;;;;;;
"Totaal";"2020";"Meppel";15424;5657;9767;1846;6639;1223;5329;1687;1981;770
"Totaal";"2020";"Middelburg (Z.)";23052;9340;13712;2329;9593;1720;7703;2489;2393;1127
"Totaal";"2020";"Middelharnis";;;;;;;;;;
"Totaal";"2020";"Midden-Delfland";7832;2088;5744;909;4347;464;2752;1068;1349;575
"Totaal";"2020";"Midden-Drenthe";14485;4384;10101;1829;7385;833;5662;1755;1940;744
"Totaal";"2020";"Midden-Groningen";27754;9620;18134;3661;12161;2196;10268;3449;3268;1149
"Totaal";"2020";"Mierlo";;;;;;;;;;
"Totaal";"2020";"Mill en Sint Hubert";4561;1217;3344;667;2417;238;1787;566;723;268
"Totaal";"2020";"Millingen aan de Rijn";;;;;;;;;;
"Totaal";"2020";"Moerdijk";16337;5014;11323;2151;8043;1074;6220;2127;2198;778
"Totaal";"2020";"Molenlanden";16795;4316;12479;1422;10118;881;5858;2197;2498;1926
"Totaal";"2020";"Molenwaard";;;;;;;;;;
"Totaal";"2020";"Monster";;;;;;;;;;
"Totaal";"2020";"Montferland";15677;4582;11095;2090;7958;968;6078;2149;2159;709
"Totaal";"2020";"Montfoort";5648;1587;4061;760;2925;362;1973;690;936;462
"Totaal";"2020";"Mook en Middelaar";3545;1104;2441;469;1759;201;1426;422;438;155
"Totaal";"2020";"Moordrecht";;;;;;;;;;
"Totaal";"2020";"Muiden";;;;;;;;;;
"Totaal";"2020";"Naaldwijk";;;;;;;;;;
"Totaal";"2020";"Naarden";;;;;;;;;;
"Totaal";"2020";"Neder-Betuwe";9146;2490;6656;719;5353;550;2997;1274;1223;1162
"Totaal";"2020";"Nederhorst den Berg";;;;;;;;;;
"Totaal";"2020";"Nederlek";;;;;;;;;;
"Totaal";"2020";"Nederweert";7308;2057;5251;955;3901;365;2922;873;1083;373
"Totaal";"2020";"Neede";;;;;;;;;;
"Totaal";"2020";"Neerijnen";;;;;;;;;;
"Totaal";"2020";"Niedorp";;;;;;;;;;
"Totaal";"2020";"Nieuwegein";29328;10773;18555;3743;12338;2351;9935;3719;3637;1264
"Totaal";"2020";"Nieuwerkerk aan den IJssel";;;;;;;;;;
"Totaal";"2020";"Nieuwkoop";11808;3252;8556;1662;6166;686;4393;1558;1831;774
"Totaal";"2020";"Nieuw-Lekkerland";;;;;;;;;;
"Totaal";"2020";"Nieuwleusen";;;;;;;;;;
"Totaal";"2020";"Nijefurd";;;;;;;;;;
"Totaal";"2020";"Nijkerk";17448;4976;12472;1763;9673;993;5937;2251;2785;1499
"Totaal";"2020";"Nijmegen";96644;52250;44394;13829;23502;6313;25295;8228;7899;2972
"Totaal";"2020";"Nissewaard";38586;12998;25588;4443;17131;3896;13744;5595;4695;1554
"Totaal";"2020";"Noardeast-Fryslân";19440;6449;12991;2344;9339;1250;6767;2180;2623;1421
"Totaal";"2020";"Noord-Beveland";3588;1341;2247;406;1641;191;1442;344;326;135
"Totaal";"2020";"Noordenveld";13911;4272;9639;1867;6842;898;5635;1637;1756;611
"Totaal";"2020";"Noorder-Koggenland";;;;;;;;;;
"Totaal";"2020";"Noordoostpolder";19422;5963;13459;2312;9813;1260;6846;2382;2652;1579
"Totaal";"2020";"Noordwijk";19680;7303;12377;2614;8320;1375;6576;2414;2399;988
"Totaal";"2020";"Noordwijkerhout";;;;;;;;;;
"Totaal";"2020";"Nootdorp";;;;;;;;;;
"Totaal";"2020";"Nuenen, Gerwen en Nederwetten";10144;2895;7249;1260;5311;645;3998;1265;1479;507
"Totaal";"2020";"Nunspeet";10934;3127;7807;806;6379;579;3816;1391;1423;1177
"Totaal";"2020";"Nuth";;;;;;;;;;
"Totaal";"2020";"Obdam";;;;;;;;;;
"Totaal";"2020";"Oegstgeest";10773;3660;7113;1384;4962;741;3525;1322;1634;632
"Totaal";"2020";"Oirschot";7714;2124;5590;1094;4067;401;2874;963;1199;554
"Totaal";"2020";"Oisterwijk";11257;3501;7756;1573;5416;727;4225;1322;1660;549
"Totaal";"2020";"Oldambt";18111;6737;11374;2092;7852;1369;6676;2174;1921;603
"Totaal";"2020";"Oldebroek";9157;2265;6892;643;5762;449;3280;1253;1435;924
"Totaal";"2020";"Oldenzaal";14035;4756;9279;1765;6525;947;4905;1573;2045;756
"Totaal";"2020";"Olst";;;;;;;;;;
"Totaal";"2020";"Olst-Wijhe";7567;2100;5467;989;4025;420;2891;929;1173;474
"Totaal";"2020";"Ommen";7467;2250;5217;814;3986;382;2734;840;1007;636
"Totaal";"2020";"Onderbanken";;;;;;;;;;
"Totaal";"2020";"Oost Gelre";12428;3665;8763;1968;6114;625;4684;1439;1861;779
"Totaal";"2020";"Oostburg";;;;;;;;;;
"Totaal";"2020";"Oosterhout";25055;8086;16969;3180;11831;1864;9420;3143;3230;1176
"Totaal";"2020";"Oostflakkee";;;;;;;;;;
"Totaal";"2020";"Ooststellingwerf";11255;3700;7555;1402;5316;802;4298;1274;1403;580
"Totaal";"2020";"Oostzaan";4084;1141;2943;556;2057;320;1403;686;675;179
"Totaal";"2020";"Ootmarsum";;;;;;;;;;
"Totaal";"2020";"Opmeer";5018;1566;3452;693;2468;280;1738;623;746;345
"Totaal";"2020";"Opsterland";12582;3863;8719;1669;6226;784;4625;1507;1745;842
"Totaal";"2020";"Oss";40557;13630;26927;5347;18479;2924;13968;5159;5684;2116
"Totaal";"2020";"Oud-Beijerland";;;;;;;;;;
"Totaal";"2020";"Oude IJsselstreek";17079;5384;11695;2198;8426;996;6290;2072;2422;911
"Totaal";"2020";"Ouder-Amstel";6314;2316;3998;884;2558;534;2006;796;865;331
"Totaal";"2020";"Ouderkerk";;;;;;;;;;
"Totaal";"2020";"Oudewater";4265;1307;2958;649;2034;265;1465;540;624;329
"Totaal";"2020";"Overbetuwe";19734;5267;14467;2692;10249;1462;7288;2763;3227;1189
"Totaal";"2020";"Papendrecht";14076;4475;9601;1385;7040;1130;5039;1852;1981;729
"Totaal";"2020";"Peel en Maas";18251;5092;13159;2692;9488;917;7021;2292;2758;1088
"Totaal";"2020";"Pekela";5547;1831;3716;743;2500;460;2115;734;631;236
"Totaal";"2020";"Pijnacker";;;;;;;;;;
"Totaal";"2020";"Pijnacker-Nootdorp";21511;5386;16125;3016;11351;1697;6870;3374;4402;1479
"Totaal";"2020";"Purmerend";36654;12706;23948;4672;15556;3585;12348;5393;4849;1358
"Totaal";"2020";"Putten";9606;2618;6988;771;5627;551;3466;1174;1437;911
"Totaal";"2020";"Raalte";15670;4442;11228;2118;8242;800;5934;1739;2484;1071
"Totaal";"2020";"Ravenstein";;;;;;;;;;
"Totaal";"2020";"Reeuwijk";;;;;;;;;;
"Totaal";"2020";"Reiderland";;;;;;;;;;
"Totaal";"2020";"Reimerswaal";9060;2779;6281;810;4943;497;3013;1104;1164;1000
"Totaal";"2020";"Renkum";14566;5388;9178;1757;6456;923;5484;1497;1602;595
"Totaal";"2020";"Renswoude";2089;530;1559;197;1258;99;710;277;329;243
"Totaal";"2020";"Reusel-De Mierden";5491;1551;3940;707;2918;293;2068;654;821;397
"Totaal";"2020";"Rheden";21128;8644;12484;2417;8498;1502;7268;2269;2178;769
"Totaal";"2020";"Rhenen";8286;2563;5723;820;4383;474;2922;1002;1107;692
"Totaal";"2020";"Ridderkerk";20803;7122;13681;2065;9905;1627;7497;2761;2358;1065
"Totaal";"2020";"Rijnsburg";;;;;;;;;;
"Totaal";"2020";"Rijnwaarden";;;;;;;;;;
"Totaal";"2020";"Rijnwoude";;;;;;;;;;
"Totaal";"2020";"Rijssen";;;;;;;;;;
"Totaal";"2020";"Rijssen-Holten";14326;3656;10670;1040;8858;721;4761;1830;2288;1791
"Totaal";"2020";"Rijswijk (ZH.)";26470;11107;15363;3371;9384;2470;8521;3227;2701;914
"Totaal";"2020";"Roerdalen";9362;2875;6487;1228;4598;628;3890;1228;1076;293
"Totaal";"2020";"Roermond";28005;11322;16683;3903;10470;2206;9388;3276;2950;1069
"Totaal";"2020";"Roggel en Neer";;;;;;;;;;
"Totaal";"2020";"De Ronde Venen";19125;5857;13268;2618;9193;1396;6747;2680;2767;1074
"Totaal";"2020";"Roosendaal";35293;12755;22538;4100;15628;2635;12418;4297;4185;1638
"Totaal";"2020";"Rotterdam";328283;158909;169374;43518;88161;34305;90299;36193;28248;14634
"Totaal";"2020";"Rozenburg";;;;;;;;;;
"Totaal";"2020";"Rozendaal";688;143;545;92;426;27;291;81;131;42
"Totaal";"2020";"Rucphen";9927;2779;7148;1260;5281;571;3848;1599;1274;427
"Totaal";"2020";"Ruurlo";;;;;;;;;;
"Totaal";"2020";"Sas van Gent";;;;;;;;;;
"Totaal";"2020";"Sassenheim";;;;;;;;;;
"Totaal";"2020";"Schagen";20548;6888;13660;2685;9547;1354;7430;2304;2739;1187
"Totaal";"2020";"Scheemda";;;;;;;;;;
"Totaal";"2020";"Schermer";;;;;;;;;;
"Totaal";"2020";"Scherpenzeel";3960;1165;2795;352;2237;198;1348;484;567;396
"Totaal";"2020";"Schiedam";37562;15686;21876;4658;13171;3741;11363;4890;3978;1645
"Totaal";"2020";"Schiermonnikoog";538;278;260;51;187;22;171;45;32;12
"Totaal";"2020";"Schijndel";;;;;;;;;;
"Totaal";"2020";"Schinnen";;;;;;;;;;
"Totaal";"2020";"Schipluiden";;;;;;;;;;
"Totaal";"2020";"Schoonhoven";;;;;;;;;;
"Totaal";"2020";"Schoorl";;;;;;;;;;
"Totaal";"2020";"Schouwen-Duiveland";15518;5233;10285;1540;7848;854;6166;1752;1604;763
"Totaal";"2020";"Sevenum";;;;;;;;;;
"Totaal";"2020";"Simpelveld";4939;1637;3302;553;2412;328;1964;658;533;147
"Totaal";"2020";"Sint Anthonis";4693;1254;3439;681;2531;208;1792;562;688;397
"Totaal";"2020";"Sint-Michielsgestel";11992;3329;8663;1575;6366;687;4361;1478;2010;814
"Totaal";"2020";"Sint-Oedenrode";;;;;;;;;;
"Totaal";"2020";"Sittard";;;;;;;;;;
"Totaal";"2020";"Sittard-Geleen";45137;17898;27239;5631;18080;3355;16192;5360;4457;1230
"Totaal";"2020";"Skarsterlân";;;;;;;;;;
"Totaal";"2020";"Sliedrecht";10430;3516;6914;788;5383;692;3413;1283;1384;834
"Totaal";"2020";"Slochteren";;;;;;;;;;
"Totaal";"2020";"Sluis";11278;4215;7063;1347;5056;626;4354;1286;1046;377
"Totaal";"2020";"Sluis-Aardenburg";;;;;;;;;;
"Totaal";"2020";"Smallingerland";25025;9065;15960;2976;10920;1973;8591;2926;3031;1412
"Totaal";"2020";"Sneek";;;;;;;;;;
"Totaal";"2020";"Soest";20636;7120;13516;2502;9533;1417;7047;2511;2768;1190
"Totaal";"2020";"Someren";8188;2409;5779;1100;4244;405;3035;980;1239;525
"Totaal";"2020";"Son en Breugel";7264;2086;5178;1015;3679;470;2668;888;1208;414
"Totaal";"2020";"Spijkenisse";;;;;;;;;;
"Totaal";"2020";"Stad Delden";;;;;;;;;;
"Totaal";"2020";"Stadskanaal";14594;5180;9414;1625;6746;996;5418;1690;1642;664
"Totaal";"2020";"Staphorst";5962;1458;4504;288;3923;264;1836;716;870;1082
"Totaal";"2020";"Stede Broec";9161;2610;6551;1073;4777;667;3451;1195;1345;560
"Totaal";"2020";"Steenbergen";11255;3973;7282;1418;5191;637;4109;1374;1359;440
"Totaal";"2020";"Steenderen";;;;;;;;;;
"Totaal";"2020";"Steenwijk";;;;;;;;;;
"Totaal";"2020";"Steenwijkerland";19361;6368;12993;2273;9459;1185;7068;2209;2529;1187
"Totaal";"2020";"Stein (L.)";11606;3596;8010;1392;5813;771;4820;1586;1303;301
"Totaal";"2020";"Stichtse Vecht";28236;9145;19091;3997;13000;2008;9690;3749;4134;1518
"Totaal";"2020";"Strijen";;;;;;;;;;
"Totaal";"2020";"Súdwest-Fryslân";39929;13982;25947;5295;17909;2615;14093;4403;4962;2489
"Totaal";"2020";"Susteren";;;;;;;;;;
"Totaal";"2020";"Swalmen";;;;;;;;;;
"Totaal";"2020";"Tegelen";;;;;;;;;;
"Totaal";"2020";"Terneuzen";25688;9446;16242;2776;11604;1787;9526;3050;2662;1004
"Totaal";"2020";"Terschelling";2550;1220;1330;320;869;128;812;231;214;73
"Totaal";"2020";"Texel";6414;2422;3992;784;2812;384;2377;731;604;280
"Totaal";"2020";"Teylingen";15871;4871;11000;2065;7814;1073;5465;2139;2508;888
"Totaal";"2020";"Tholen";10503;3121;7382;1002;5747;602;3755;1273;1438;916
"Totaal";"2020";"Thorn";;;;;;;;;;
"Totaal";"2020";"Tiel";18726;6840;11886;2217;8119;1482;6024;2356;2416;1090
"Totaal";"2020";"Tilburg";108875;49696;59179;15086;35194;8171;32116;11772;11105;4186
"Totaal";"2020";"Tubbergen";8159;2072;6087;950;4714;394;2723;986;1544;834
"Totaal";"2020";"Twenterand";13184;3426;9758;1322;7535;863;4590;1734;2197;1237
"Totaal";"2020";"Tynaarlo";14306;4209;10097;2121;7056;892;5452;1785;2094;766
"Totaal";"2020";"Tytsjerksteradiel";13639;4227;9412;1643;6915;825;5109;1549;1897;857
"Totaal";"2020";"Ubbergen";;;;;;;;;;
"Totaal";"2020";"Uden";18724;6431;12293;2686;8169;1373;6547;2172;2601;973
"Totaal";"2020";"Uitgeest";5701;1597;4104;827;2840;424;1979;807;1016;302
"Totaal";"2020";"Uithoorn";12792;4193;8599;1647;5763;1143;4105;1950;1930;614
"Totaal";"2020";"Urk";6346;1266;5080;96;4670;271;1563;805;991;1721
"Totaal";"2020";"Utrecht (gemeente)";181670;92312;89358;31967;45536;10215;45591;16779;18323;8665
"Totaal";"2020";"Utrechtse Heuvelrug";21590;7650;13940;2469;10132;1271;7482;2357;2773;1328
"Totaal";"2020";"Vaals";5488;2653;2835;486;2026;306;1860;493;383;99
"Totaal";"2020";"Valburg";;;;;;;;;;
"Totaal";"2020";"Valkenburg (ZH.)";;;;;;;;;;
"Totaal";"2020";"Valkenburg aan de Geul";7894;2998;4896;967;3448;452;2953;961;784;198
"Totaal";"2020";"Valkenswaard";14493;5036;9457;1843;6561;1003;5519;1652;1752;534
"Totaal";"2020";"Veendam";12654;4415;8239;1589;5567;1044;4673;1570;1514;482
"Totaal";"2020";"Veenendaal";28021;9156;18865;2601;14201;1937;9405;3398;3836;2226
"Totaal";"2020";"Veere";9450;2903;6547;837;5302;390;3736;1046;1146;619
"Totaal";"2020";"Veghel";;;;;;;;;;
"Totaal";"2020";"Veldhoven";20019;6420;13599;2447;9743;1353;7284;2528;2939;848
"Totaal";"2020";"Velsen";31058;11109;19949;4062;13186;2588;10295;4197;4116;1341
"Totaal";"2020";"Venhuizen";;;;;;;;;;
"Totaal";"2020";"Venlo";47964;18466;29498;5927;19838;3514;16489;5652;5337;2020
"Totaal";"2020";"Venray";19000;6211;12789;2443;9029;1249;6880;2243;2626;1040
"Totaal";"2020";"Vianen";;;;;;;;;;
"Totaal";"2020";"Vijfheerenlanden";23339;6793;16546;2698;12121;1619;8271;3131;3394;1750
"Totaal";"2020";"Vlaardingen";34717;13897;20820;3750;13485;3425;11344;4231;3817;1428
"Totaal";"2020";"Vlagtwedde";;;;;;;;;;
"Totaal";"2020";"Vleuten-De Meern";;;;;;;;;;
"Totaal";"2020";"Vlieland";643;337;306;73;202;26;198;50;40;18
"Totaal";"2020";"Vlissingen";22342;9890;12452;2295;8272;1802;7329;2325;2055;743
"Totaal";"2020";"Vlist";;;;;;;;;;
"Totaal";"2020";"Voerendaal";5605;1625;3980;670;2903;385;2346;727;696;211
"Totaal";"2020";"Voorburg";;;;;;;;;;
"Totaal";"2020";"Voorhout";;;;;;;;;;
"Totaal";"2020";"Voorschoten";11225;3776;7449;1381;5167;859;3852;1358;1637;602
"Totaal";"2020";"Voorst";10149;2795;7354;1363;5427;513;4029;1191;1479;655
"Totaal";"2020";"Vorden";;;;;;;;;;
"Totaal";"2020";"Vriezenveen";;;;;;;;;;
"Totaal";"2020";"Vught";11272;3790;7482;1581;5073;804;3811;1361;1678;632
"Totaal";"2020";"Waadhoeke";20299;6793;13506;2651;9464;1332;7430;2324;2559;1193
"Totaal";"2020";"Waalre";7579;2322;5257;991;3740;502;2761;953;1136;407
"Totaal";"2020";"Waalwijk";21824;7350;14474;2820;10018;1545;7843;2750;2886;995
"Totaal";"2020";"Waddinxveen";12186;3499;8687;1445;6449;743;4423;1648;1730;886
"Totaal";"2020";"Wageningen";22676;13717;8959;2219;5640;968;5060;1600;1641;658
"Totaal";"2020";"Warmond";;;;;;;;;;
"Totaal";"2020";"Warnsveld";;;;;;;;;;
"Totaal";"2020";"Wassenaar";11529;4050;7479;1132;5439;886;3767;1433;1604;675
"Totaal";"2020";"Wateringen";;;;;;;;;;
"Totaal";"2020";"Waterland";7558;2334;5224;956;3740;505;2722;969;1151;382
"Totaal";"2020";"Weerselo";;;;;;;;;;
"Totaal";"2020";"Weert";22729;8103;14626;2916;10128;1491;8091;2655;2885;995
"Totaal";"2020";"Weesp";9174;3600;5574;1266;3633;627;2928;1095;1136;415
"Totaal";"2020";"Wehl";;;;;;;;;;
"Totaal";"2020";"Werkendam";;;;;;;;;;
"Totaal";"2020";"Wervershoof";;;;;;;;;;
"Totaal";"2020";"West Betuwe";20513;5302;15211;2555;11347;1243;7646;2799;3161;1605
"Totaal";"2020";"West Maas en Waal";8303;2403;5900;1204;4203;458;3185;1091;1203;421
"Totaal";"2020";"Wester-Koggenland";;;;;;;;;;
"Totaal";"2020";"Westerkwartier";26371;7648;18723;3503;13458;1673;9575;3401;3964;1783
"Totaal";"2020";"Westerveld";8728;2832;5896;1039;4412;426;3511;941;1042;402
"Totaal";"2020";"Westervoort";6697;2033;4664;874;3168;605;2589;998;827;250
"Totaal";"2020";"Westerwolde";11205;3648;7557;1346;5465;703;4552;1325;1190;490
"Totaal";"2020";"Westland";46574;14385;32189;5892;23174;2956;15804;6129;7357;2899
"Totaal";"2020";"Weststellingwerf";11356;3638;7718;1502;5438;739;4307;1329;1429;653
"Totaal";"2020";"Westvoorne";6668;2082;4586;746;3443;388;2639;866;809;272
"Totaal";"2020";"Wierden";9633;2430;7203;988;5642;530;3484;1185;1648;886
"Totaal";"2020";"Wieringen";;;;;;;;;;
"Totaal";"2020";"Wieringermeer";;;;;;;;;;
"Totaal";"2020";"Wijchen";17729;5390;12339;2331;8689;1260;6481;2291;2655;912
"Totaal";"2020";"Wijdemeren";10667;3384;7283;1561;4987;702;3818;1405;1545;515
"Totaal";"2020";"Wijhe";;;;;;;;;;
"Totaal";"2020";"Wijk bij Duurstede";10096;2813;7283;1336;5211;700;3819;1363;1533;568
"Totaal";"2020";"Winschoten";;;;;;;;;;
"Totaal";"2020";"Winsum";;;;;;;;;;
"Totaal";"2020";"Winterswijk";12772;4310;8462;1592;6000;827;4620;1502;1663;677
"Totaal";"2020";"Wisch";;;;;;;;;;
"Totaal";"2020";"Woensdrecht";9622;2782;6840;1166;5033;617;3867;1313;1303;357
"Totaal";"2020";"Woerden";21873;6805;15068;3047;10458;1484;7362;2790;3329;1587
"Totaal";"2020";"Wognum";;;;;;;;;;
"Totaal";"2020";"De Wolden";10201;2861;7340;1311;5460;544;4007;1171;1461;701
"Totaal";"2020";"Wormerland";7107;2230;4877;905;3404;547;2532;961;1027;357
"Totaal";"2020";"Woudenberg";5135;1372;3763;447;2996;300;1799;634;781;549
"Totaal";"2020";"Woudrichem";;;;;;;;;;
"Totaal";"2020";"Wûnseradiel";;;;;;;;;;
"Totaal";"2020";"Wymbritseradiel";;;;;;;;;;
"Totaal";"2020";"Zaanstad";70358;25391;44967;9309;28236;7071;22475;9696;9381;3415
"Totaal";"2020";"Zaltbommel";11862;3628;8234;1240;6145;804;4060;1515;1628;1031
"Totaal";"2020";"Zandvoort";8555;3721;4834;1136;2898;771;2798;995;810;231
"Totaal";"2020";"Zederik";;;;;;;;;;
"Totaal";"2020";"Zeevang";;;;;;;;;;
"Totaal";"2020";"Zeewolde";9668;3110;6558;1112;4754;662;3143;1334;1434;647
"Totaal";"2020";"Zeist";29324;11977;17347;3600;11504;2118;8856;3110;3605;1776
"Totaal";"2020";"Zelhem";;;;;;;;;;
"Totaal";"2020";"Zevenaar";19850;6537;13313;2620;9191;1436;7526;2401;2625;761
"Totaal";"2020";"Zevenhuizen-Moerkapelle";;;;;;;;;;
"Totaal";"2020";"Zijpe";;;;;;;;;;
"Totaal";"2020";"Zoetermeer";56027;19243;36784;6992;23750;5785;18975;7629;7334;2846
"Totaal";"2020";"Zoeterwoude";3479;963;2516;457;1821;228;1279;485;561;191
"Totaal";"2020";"Zuidhorn";;;;;;;;;;
"Totaal";"2020";"Zuidplas";17847;4788;13059;2157;9528;1312;6306;2690;2900;1163
"Totaal";"2020";"Zundert";9501;2926;6575;1339;4711;490;3633;1172;1304;466
"Totaal";"2020";"Zutphen";22046;8587;13459;2720;8835;1833;7425;2516;2494;1024
"Totaal";"2020";"Zwartewaterland";8565;2174;6391;557;5359;447;2948;1098;1293;1052
"Totaal";"2020";"Zwartsluis";;;;;;;;;;
"Totaal";"2020";"Zwijndrecht";20162;6926;13236;2080;9218;1866;7211;2655;2383;987
"Totaal";"2020";"Zwolle";60093;24770;35323;8617;22180;4260;18452;6419;7316;3136
